memoryUsed;totalTime;processorTime;overheadTime
81920;0.561655;0.298460;0.263195
81920;2.427129;2.237318;0.189811
81920;2.493640;2.251935;0.241705
81920;2.490167;2.262315;0.227852
